"alt","peso","sex","fum","colesterol","iam","IMC","IMC_r"
159.248059440524,66.2480594405236,"Varón","No",216,"Sí",26.12,"Normal"
161.70842332536,82.7084233253601,"Varón","Sí",284,"Sí",31.63,"Obesidad"
169.820750651014,67.8207506510143,"Varón","No",212,"Sí",23.52,"Normal"
180.237280061556,92.2372800615558,"Varón","Sí",233,"Sí",28.39,"Normal"
179.053804302017,102.053804302017,"Varón","Sí",241,"Sí",31.83,"Obesidad"
